model,n_subjects,mse_mean,mae_mean,r2_mean
mamba_mask_only,28,28328.75406414005,0.600278072857431,0.716562596814973
masked_transformer_ae,28,207572.5532771264,6.963003993034363,0.0344919690064021
patch_transformer_ae,28,207371.0250690196,6.935845243079322,0.0414525398186274
tcn_ae,28,191933.2037920941,3.1489984318614006,0.4440195964915411
timesnet_ae,28,191941.23109759603,3.3409723171166013,0.0805026824985231
ridge,28,191918.1566562376,3.732757029788835,0.1214777465377535
pls,28,191937.74999209883,3.4999174072622403,0.0617316391493816
random_forest,28,191942.2623064417,3.3378556311547407,0.039496875093718
